{
  "type":"genericSmelter",
  "name":"Alloy Press",
  "description":"Uses lasers to heat up plastanium enough to be pressed into Surge Alloys.",
  "outputItem":{"item":"surge-alloy","amount":1},
  "size":2,
  "itemCapacity":20,
  "hasPower":true,
  "hasItems":true,
  "craftTime":80,
  "updateEffect":"smeltsmoke",
  "consumes":{
    "power":4.5,
    "items":{
      "items":[
        {"item":"plastanium","amount":10}
      ]
    }
  },
  "requirements":[
    {"item":"lead","amount":20},
    {"item":"copper","amount":20},
    {"item":"silicon","amount":10},
    {"item":"diamond","amount":10}
  ],
  "category":"crafting",
  "research":"alloy-smelter",
  "idleSound":"respawning",
  "idleSoundVolume":0.5
}