{
  "type":"genericSmelter",
  "name":"Diamond Press",
  "description":"Presses Coal into Diamonds.",
  "outputItem":{"item":"diamond","amount":2},
  "size":2,
  "itemCapacity":20,
  "hasPower":true,
  "hasItems":true,
  "craftTime":30,
  "updateEffect":"smeltsmoke",
  "consumes":{
    "power":2.0,
    "items":{
      "items":[
        {"item":"coal","amount":10}
      ]
    }
  },
  "requirements":[
    {"item":"lead","amount":20},
    {"item":"copper","amount":20},
    {"item":"silicon","amount":10}
  ],
  "category":"crafting",
  "research":"graphite-press",
  "idleSound":"respawning",
  "idleSoundVolume":0.5
}