{
  "type":"genericSmelter",
  "name":"Fluff Converter",
  "description":"Turns Fluff into Phase Fabric.",
  "outputItem":{"item":"phase-fabric","amount":3},
  "size":3,
  "itemCapacity":40,
  "hasPower":true,
  "hasItems":true,
  "craftTime":40,
  "updateEffect":"smeltsmoke",
  "consumes":{
    "power":3.0,
    "items":{
      "items":[
        {"item":"fluff","amount":10}
      ]
    }
  },
  "requirements":[
    {"item":"lead","amount":50},
    {"item":"copper","amount":40},
    {"item":"silicon","amount":50}
  ],
  "category":"crafting",
  "research":"fluffreplicator",
  "idleSound":"respawning",
  "idleSoundVolume":0.5
}