{
  "type":"genericSmelter",
  "name":"Fluff Replicator",
  "description":"Creates Fluff using only energy and Thorium.",
  "outputItem":{"item":"fluff","amount":3},
  "size":3,
  "itemCapacity":10,
  "hasPower":true,
  "hasItems":true,
  "craftTime":10,
  "updateEffect":"smeltsmoke",
  "consumes":{
    "power":2.5,
    "items":{
       "items":[
        {"item":"thorium","amount":5}
      ]
    }
  },
  "requirements":[
    {"item":"lead","amount":40},
    {"item":"copper","amount":40},
    {"item":"silicon","amount":20},
    {"item":"titanium","amount":15},
    {"item":"thorium","amount":30}
  ],
  "category":"crafting",
  "research":"kiln",
  "idleSound":"respawning",
  "idleSoundVolume":0.5
}