{
  "type":"genericSmelter",
  "name":"Purplium Smelter",
  "description":"Creates Purplium from Lead.",
  "outputItem":{"item":"purplium","amount":3},
  "size":3,
  "itemCapacity":40,
  "hasPower":true,
  "hasItems":true,
  "craftTime":20,
  "updateEffect":"smeltsmoke",
  "consumes":{
    "power":1.0,
    "items":{
      "items":[
        {"item":"lead","amount":20}
      ]
    }
  },
  "requirements":[
    {"item":"lead","amount":30},
    {"item":"copper","amount":20},
    {"item":"silicon","amount":20}
  ],
  "category":"crafting",
  "research":"kiln",
  "idleSound":"respawning",
  "idleSoundVolume":0.5
}