{
  "type":"genericSmelter",
  "name":"Pyratite Recoverer",
  "description":"Turns unused Blast Compounds back into Pyratite.",
  "outputItem":{"item":"pyratite","amount":1},
  "size":3,
  "itemCapacity":1,
  "hasPower":true,
  "hasItems":true,
  "craftTime":60,
  "updateEffect":"smeltsmoke",
  "consumes":{
    "power":0.5,
    "items":{
      "items":[
        {"item":"blast-compound","amount":1}
      ]
    }
  },
  "requirements":[
    {"item":"lead","amount":30},
    {"item":"copper","amount":30},
    {"item":"silicon","amount":30}
  ],
  "category":"crafting",
  "research":"blast-mixer",
  "idleSound":"respawning",
  "idleSoundVolume":0.5
}