{
  "type":"genericSmelter",
  "name":"Rainbow Core Assembler",
  "description":"Creates Rainbow Cores from a variety of other items.",
  "outputItem":{"item":"rainbowcore","amount":1},
  "size":3,
  "itemCapacity":40,
  "hasPower":true,
  "hasItems":true,
  "craftTime":50,
  "updateEffect":"smeltsmoke",
  "consumes":{
    "power":5.0,
    "items":{
      "items":[
        {"item":"purplium","amount":10},
        {"item":"blast-compound","amount":10},
        {"item":"phase-fabric","amount":10},
        {"item":"pyratite","amount":10},
        {"item":"thorium","amount":10},
        {"item":"plastanium","amount":10}
      ]
    }
  },
  "requirements":[
    {"item":"lead","amount":50},
    {"item":"copper","amount":50},
    {"item":"silicon","amount":50},
    {"item":"purplium","amount":50},
    {"item":"thorium","amount":50}
  ],
  "category":"crafting",
  "research":"thoriumsmelter",
  "idleSound":"respawning",
  "idleSoundVolume":0.5
}