{
  "type":"genericSmelter",
  "name":"Spore Replicator",
  "description":"Uses the radioactive properties of Thorium to turn Lead and Titanium into Spore Pods.",
  "outputItem":{"item":"spore-pod","amount":2},
  "size":3,
  "itemCapacity":10,
  "hasPower":true,
  "hasItems":true,
  "craftTime":30,
  "updateEffect":"smeltsmoke",
  "consumes":{
    "power":2.0,
    "items":{
      "items":[
        {"item":"lead","amount":5},
        {"item":"titanium","amount":5},
        {"item":"thorium","amount":3}
      ]
    }
  },
  "requirements":[
    {"item":"lead","amount":60},
    {"item":"copper","amount":40},
    {"item":"silicon","amount":50},
    {"item":"titanium","amount":20}
  ],
  "category":"crafting",
  "research":"cultivator",
  "idleSound":"respawning",
  "idleSoundVolume":0.5
}