{
  "type":"genericSmelter",
  "name":"SAMP",
  "description":"The Surge Alloy Material Packager will take the materials for the production of Surge Alloys and package them into a small box. [yellow]NOTE: Useless without the Surge Material Box Manager.",
  "outputItem":{"item":"surgematerialbox","amount":1},
  "size":3,
  "itemCapacity":40,
  "hasPower":true,
  "hasItems":true,
  "craftTime":20,
  "updateEffect":"smeltsmoke",
  "consumes":{
    "power":3.0,
    "items":{
      "items":[
        {"item":"silicon","amount":15},
        {"item":"copper","amount":15},
        {"item":"lead","amount":20},
        {"item":"titanium","amount":10}
      ]
    }
  },
  "requirements":[
    {"item":"lead","amount":30},
    {"item":"copper","amount":40},
    {"item":"silicon","amount":50}
  ],
  "category":"crafting",
  "research":"alloy-smelter",
  "idleSound":"respawning",
  "idleSoundVolume":0.5
}