{
  "type":"genericSmelter",
  "name":"SAMB Manager",
  "description":"The Surge Alloy Material Box Manager will take the material boxes for the production of Surge Alloys and produce 5 alloys.",
  "outputItem":{"item":"surge-alloy","amount":5},
  "size":3,
  "itemCapacity":10,
  "hasPower":true,
  "hasItems":true,
  "craftTime":50,
  "updateEffect":"smeltsmoke",
  "consumes":{
    "power":3.0,
    "items":{
      "items":[
        {"item":"surgematerialbox","amount":1}
      ]
    }
  },
  "requirements":[
    {"item":"lead","amount":50},
    {"item":"copper","amount":50},
    {"item":"silicon","amount":50},
    {"item":"titanium","amount":30}
  ],
  "category":"crafting",
  "research":"surgematerialpackager",
  "idleSound":"respawning",
  "idleSoundVolume":0.5
}