{
  "type":"genericSmelter",
  "name":"Thorium Smelter",
  "description":"Creates Thorium from Lead and Blast Compounds.",
  "outputItem":{"item":"thorium","amount":3},
  "size":3,
  "itemCapacity":40,
  "hasPower":true,
  "hasItems":true,
  "craftTime":20,
  "updateEffect":"smeltsmoke",
  "consumes":{
    "power":1.0,
    "items":{
      "items":[
        {"item":"lead","amount":20},
        {"item":"blast-compound","amount":10}
      ]
    }
  },
  "requirements":[
    {"item":"lead","amount":30},
    {"item":"copper","amount":20},
    {"item":"silicon","amount":20},
    {"item":"purplium","amount":10}
  ],
  "category":"crafting",
  "research":"purpliumsmelter",
  "idleSound":"respawning",
  "idleSoundVolume":0.5
}