{
  "type":"genericSmelter",
  "name":"Titanium Smelter",
  "description":"Creates Titanium from Lead and Pyratite.",
  "outputItem":{"item":"titanium","amount":3},
  "size":3,
  "itemCapacity":20,
  "hasPower":true,
  "hasItems":true,
  "craftTime":30,
  "updateEffect":"smeltsmoke",
  "consumes":{
    "power":0.8,
    "items":{
      "items":[
        {"item":"lead","amount":10},
        {"item":"pyratite","amount":15}
      ]
    }
  },
  "requirements":[
    {"item":"lead","amount":20},
    {"item":"copper","amount":40},
    {"item":"silicon","amount":10}
  ],
  "category":"crafting",
  "research":"kiln",
  "idleSound":"respawning",
  "idleSoundVolume":0.5
}